/*
SQLyog  v12.2.6 (64 bit)
MySQL - 5.5.54 : Database - sada
*********************************************************************
*/

/*!40101 SET NAMES utf8 */;

/*!40101 SET SQL_MODE=''*/;

/*!40014 SET @OLD_UNIQUE_CHECKS=@@UNIQUE_CHECKS, UNIQUE_CHECKS=0 */;
/*!40014 SET @OLD_FOREIGN_KEY_CHECKS=@@FOREIGN_KEY_CHECKS, FOREIGN_KEY_CHECKS=0 */;
/*!40101 SET @OLD_SQL_MODE=@@SQL_MODE, SQL_MODE='NO_AUTO_VALUE_ON_ZERO' */;
/*!40111 SET @OLD_SQL_NOTES=@@SQL_NOTES, SQL_NOTES=0 */;
CREATE DATABASE /*!32312 IF NOT EXISTS*/`sada` /*!40100 DEFAULT CHARACTER SET utf8 */;

USE `sada`;

/*Table structure for table `asset` */

DROP TABLE IF EXISTS `asset`;

CREATE TABLE `asset` (
  `id` varchar(255) NOT NULL,
  `fileName` varchar(255) DEFAULT NULL,
  `filePath` varchar(255) DEFAULT NULL,
  `fileType` varchar(255) DEFAULT NULL,
  `tag` varchar(255) DEFAULT NULL,
  `assetType` varchar(255) DEFAULT NULL,
  `commonType` varchar(255) DEFAULT NULL,
  `keyInfo` varchar(255) DEFAULT NULL,
  `createDate` varchar(255) DEFAULT NULL,
  `updateDate` varchar(255) DEFAULT NULL,
  `name` varchar(255) DEFAULT NULL,
  `isDelete` int(11) DEFAULT '0',
  `userId` varchar(255) DEFAULT NULL,
  `assetMd5` varchar(255) DEFAULT NULL,
  PRIMARY KEY (`id`),
  KEY `FK9vktrwnpqgwhqmm65moh39m2r` (`userId`),
  CONSTRAINT `FK9vktrwnpqgwhqmm65moh39m2r` FOREIGN KEY (`userId`) REFERENCES `user` (`id`)
) ENGINE=InnoDB DEFAULT CHARSET=utf8;

/*Data for the table `asset` */

insert  into `asset`(`id`,`fileName`,`filePath`,`fileType`,`tag`,`assetType`,`commonType`,`keyInfo`,`createDate`,`updateDate`,`name`,`isDelete`,`userId`,`assetMd5`) values 
('4028a194640c81f501640c8821950001','a75bfc417f984215983e8fabc1a625d6_小莉2.png','upload/xiaoli/图片','png','','身份证','图片','{\"住址\":\"河北省石家庄市北二环17号9栋2单元312室\",\"公民身份号码\":\"130103199509148943\",\"出生\":\"19950914\",\"姓名\":\"小莉\",\"性别\":\"女\",\"民族\":\"汉\",}','1529164800','1529164800','我的身份证',0,'4','b77579a25fac6b7b896cf3a5d99a585f'),
('4028a194640c81f501640c9470700004','cb405f6504574b54a50ccb32826df683_小凯2.png','upload/xiaokai/图片','png','','身份证','图片','{\"住址\":\"河北省石家庄市北二环17号8栋1单元516室\",\"公民身份号码\":\"130103199703093931\",\"出生\":\"19970309\",\"姓名\":\"小凯\",\"性别\":\"男\",\"民族\":\"汉\",}','1529164800','1529164800','我的身份证',0,'4028a194633ef22801633fe7b25a0004','b4fe0a2c0b34e52153961f01264074eb'),
('4028a194640c81f501640c954a860006','95d272e905c94a13995eeed6a287ec18_小强2.png','upload/xiaoqiang/图片','png','','身份证','图片','{\"住址\":\"河北省石家庄市北二环17号9栋1单元408室\",\"公民身份号码\":\"130103199611095294\",\"出生\":\"19961109\",\"姓名\":\"小强\",\"性别\":\"男\",\"民族\":\"汉\",}','1529164800','1529164800','我的身份证',0,'4028a194631bd88d01631c0fdcca0002','0be6a1cd23453b3098ecc4cb559d4d9d'),
('4028a194640c81f501640c96a5280007','9df43225b0db4a0286aba0d7e120eb0e_小西2.png','upload/xiaoxi/图片','png','','身份证','图片','{\"住址\":\"河北省石家庄市北二环17号8栋5单元103室\",\"公民身份号码\":\"130103199406055250\",\"出生\":\"19940605\",\"姓名\":\"小西\",\"性别\":\"男\",\"民族\":\"汉\",}','1529164800','1529164800','我的身份证',0,'9','1ae1f841cb896e4d4e6aeb40a7a1e945'),
('4028a194640cff2401640d390f1e0000','66df2aeed70d42ce90e44139ae168990_TIM图片20180504150003.jpg','upload/xiaoli/图片','jpg','','学生证','图片','{\"学号\":\"20200000\",\"姓名\":\"哈哈哈\",}','1529164800','1529164800','我的学生证',0,'4','44d49d16bfc96b9d338f4879d058e6e6'),
('4028a1946437033501643755c6210000','3b8b5e79272b4f5596046ac8c78723eb_李经理.png','upload/leader/图片','png','','身份证','图片','{\"住址\":\"河北省石家庄市北二环17号9栋4单元101室\",\"公民身份号码\":\"130103198804266796\",\"出生\":\"1988年04月26日\",\"姓名\":\"李经理\",\"性别\":\"男\",\"民族\":\"汉\",}','1529856000','1529856000','我的身份证',0,'4028a194631bd88d01631bd9f38e0000','818b93672f72cdd045d9dad2297067d3'),
('4028a19464376ddc01643772f7140000','a8a30d28c70e4648bc9af8c57dae39da_小辉.png','upload/xiaohui/图片','png','','身份证','图片','{\"住址\":\"河北省石家庄市北二环17号8栋9单元204室\",\"公民身份号码\":\"13010319920513039X\",\"出生\":\"1992年05月13日\",\"姓名\":\"小辉\",\"性别\":\"男\",\"民族\":\"汉\",}','1529856000','1529856000','小辉的身份证',0,'4028a194631bd88d01631c296d830003','04ce7aa2955072ee015468dab24477bd'),
('4028a19464376ddc01643778a1120001','f62eec49d5d548ff93845089784130f1_李经理.png','upload/leader/图片','png','','身份证','图片','{\"住址\":\"河北省石家庄市北二环17号9栋4单元101室\",\"公民身份号码\":\"130103198804266796\",\"出生\":\"1988年04月26日\",\"姓名\":\"李经理\",\"性别\":\"男\",\"民族\":\"汉\",}','1529856000','1529856000','李经理的身份证',0,'4028a194631bd88d01631bd9f38e0000','818b93672f72cdd045d9dad2297067d3'),
('4028a1946441959a01644197fdbf0000','6c9b9f3005bd4b5ebd382ab09556b0a6_王老师.png','upload/teacher/图片','png','','身份证','图片','{\"住址\":\"河北省石家庄市北二环17号8栋2单元405室\",\"公民身份号码\":\"130103198206198818\",\"出生\":\"1982年06月19日\",\"姓名\":\"王老师\",\"性别\":\"男\",\"民族\":\"汉\",}','1530028800','1530028800','我的身份证',0,'4028a194631bd88d01631c0d39f00001','b79b3fe2c7b4f218f7d219dc5b2b7a0f'),
('4028bc81644598bf01644685d092000a','6578445718a340179227e447f574a6b3_小雨.png','upload/xiaoyu4/图片','png','','身份证','图片','{\"住址\":\"河北省石家庄市北二环17号15栋3单元207室\",\"公民身份号码\":\"130103199801158161\",\"出生\":\"1998年01月15日\",\"姓名\":\"小雨\",\"性别\":\"女\",\"民族\":\"汉\",}','1530191532','1530191532','身份证',0,'4028bc81644598bf016446850fe30009','3708fd8f22daa241dc5e14d13bf8c53d'),
('4028bc81644598bf0164468a0c83000b','5357b8804d18486b96bb0c7b14687bb5_杨鹏展2.pdf','upload/teacher/文档','pdf','','论文','文档','{\"标题\":\"关于X公司培训管理系统的研究\",\"培养单位\":\"信息科学与技术学院\",\"专业领域\":\"计算机技术\",\"学生姓名\":\"杨鹏展\",\"校内导师\":\"王正友教授\",\"校外导师\":\"李隽研究员\",}','1530191809','1530191809','论文',0,'4028a194631bd88d01631c0d39f00001','b7792f82bbbe7fd29b4828983e728602'),
('4028bc816449fa13016449fe8d280002','cae117cfe2504dbfa77d8c7a03898358_小凯.png','upload/xiaokai1/图片','png','证件','身份证','图片','{\"住址\":\"河北省石家庄市北二环17号8栋1单元516室\",\"公民身份号码\":\"130103199703093819\",\"出生\":\"1997年03月09日\",\"姓名\":\"小凯\",\"性别\":\"男\",\"民族\":\"汉\",}','1530249776','1530249776','我的身份证',0,'4028bc816449fa13016449fd27080000','efa65101b8fdf029cbdfd6de7b898ddf'),
('4028bc816449fa1301644a13bc100004','423919d03f9e46f0ac0cbd4e0734fd28_小凯.png','upload/xiaokai2/图片','png','','身份证','图片','{\"住址\":\"河北省石家庄市北二环17号8栋1单元516室\",\"公民身份号码\":\"130103199703093819\",\"出生\":\"1997年03月09日\",\"姓名\":\"小凯\",\"性别\":\"男\",\"民族\":\"汉\",}','1530251164','1530251164','teacher',0,'4028bc816449fa1301644a12f6be0003','efa65101b8fdf029cbdfd6de7b898ddf');

/*Table structure for table `dict` */

DROP TABLE IF EXISTS `dict`;

CREATE TABLE `dict` (
  `id` varchar(36) NOT NULL,
  `name` varchar(200) DEFAULT NULL,
  `levelCode` varchar(36) DEFAULT NULL,
  `code` varchar(50) DEFAULT NULL,
  `parentId` varchar(36) DEFAULT NULL,
  `remark` varchar(200) DEFAULT NULL,
  `value` varchar(200) DEFAULT NULL,
  `deleted` varchar(11) DEFAULT NULL,
  `createtime` varchar(50) DEFAULT NULL,
  `updatetime` varchar(50) DEFAULT NULL,
  PRIMARY KEY (`id`)
) ENGINE=InnoDB DEFAULT CHARSET=utf8;

/*Data for the table `dict` */

insert  into `dict`(`id`,`name`,`levelCode`,`code`,`parentId`,`remark`,`value`,`deleted`,`createtime`,`updatetime`) values 
('2c948a846425ddb7016425df559f0000','论文','000024000007','PAPER','4028a9d16329d7ad016329d922910000',NULL,NULL,'0','1529596800','1529596800'),
('2c948a846425ddb7016425dfb86d0001','识别方法','000024000007000001','PAPER_IDENTIFY_METHOD','2c948a846425ddb7016425df559f0000',NULL,'pdf2Text','0','1529596800','1529596800'),
('2c948a846425ddb7016425e2e1d90002','关键信息模板','000024000007000002','PAPER_KEYINFO_TEMPLATE','2c948a846425ddb7016425df559f0000',NULL,'标题#培养单位#专业领域#学生姓名#校内导师#校外导师#','0','1529596800','1529596800'),
('4028808c640888fe0164088b7d1a0000','身份证','000024000002','IDCARD','4028a9d16329d7ad016329d922910000',NULL,NULL,'0','1529078400','1529078400'),
('4028808c640888fe0164088e0cde0001','识别方法','000024000002000001','IDCARD_IDENTIFY_METHOD','4028808c640888fe0164088b7d1a0000',NULL,'idcardFront','0','1529078400','1529078400'),
('4028808c640888fe016408a00fe90002','关键信息模板','000024000002000002','IDCARD_KEYINFO_TEMPLATE','4028808c640888fe0164088b7d1a0000',NULL,'住址#公民身份号码#出生#姓名#性别#民族#','0','1529078400','1529078400'),
('402881f053cd670d0153cd6d6be40000','组织单位','000017','ORG',NULL,NULL,NULL,'0',NULL,'1528992000'),
('402881f053cd72330153cd78bacf0000','铁道大学','000017000001','STDU','402881f053cd670d0153cd6d6be40000',NULL,'ASDFGH','0',NULL,'1528992000'),
('402881f053cd72330153cd796ac90001','新华三','000017000002','H3C','402881f053cd670d0153cd6d6be40000',NULL,'QWERTY','0',NULL,'1528992000'),
('402881f053e55e710153e570c0890001','资产文件类型','000023','ASSETFILETYPE',NULL,NULL,NULL,'0',NULL,'1529078400'),
('402881f053e55e710153e57116300002','图片','000023000001','PICTURE','402881f053e55e710153e570c0890001',NULL,NULL,'0',NULL,'1529078400'),
('402881f053e55e710153e5716e790003','文档','000023000002','DOC','402881f053e55e710153e570c0890001',NULL,NULL,'0',NULL,'1529078400'),
('402881f053e55e710153e571c0f60004','视频','000023000003','VIDEO','402881f053e55e710153e570c0890001',NULL,NULL,'0',NULL,'1529078400'),
('4028a19463146e330163148d30840000','性别','000001','SEX',NULL,NULL,NULL,'0','1524635531','1524635531'),
('4028a19463146e330163148e1cca0001','男','000001000001','MALE','4028a19463146e330163148d30840000',NULL,NULL,'0','1524635531','1524635531'),
('4028a19463146e330163148ed0410002','女','000001000002','FEMALE','4028a19463146e330163148d30840000',NULL,NULL,'0','1524635531','1524635531'),
('4028a9d16329d7ad016329d922910000','资产类型','000024','ASSET_TYPE',NULL,NULL,NULL,'0','1525363200','1525363200'),
('4028a9d16329d7ad016329d97f1e0001','学生证','000024000001','STUDENT_CARD','4028a9d16329d7ad016329d922910000',NULL,NULL,'0','1525363200','1525363200'),
('4028a9d16329d7ad016329d9f57d0002','识别方法','000024000001000001','STUDENT_CARD_IDENTIFY_METHOD','4028a9d16329d7ad016329d97f1e0001',NULL,'custom','0',NULL,'1525363200'),
('4028a9d16329d7ad016329dacafc0003','关键信息模板','000024000001000002','STUDENT_CARD_KEYINFO_TEMPLATE','4028a9d16329d7ad016329d97f1e0001',NULL,'学号#姓名#','0','1525363200','1525363200'),
('4028a9d4641c122401641c3b3d160000','银行卡','000024000003','BANKCARD','4028a9d16329d7ad016329d922910000',NULL,NULL,'0','1529424000','1529424000'),
('4028a9d4641c122401641c3bf0e10001','识别方法','000024000003000001','BANKCARD_IDENTIFY_METHOD','4028a9d4641c122401641c3b3d160000',NULL,'bankCard','0','1529424000','1529424000'),
('4028a9d4641c122401641c3cd4fc0002','关键信息模板','000024000003000002','BANKCARD_KEYINFO_TEMPLATE','4028a9d4641c122401641c3b3d160000',NULL,'银行卡号#银行名称#银行卡类型#','0','1529424000','1529424000'),
('4028a9d4641c122401641c3d72f50003','驾驶证','000024000004','DRIVERINGLICENSE','4028a9d16329d7ad016329d922910000',NULL,NULL,'0','1529424000','1529424000'),
('4028a9d4641c122401641c3e4eec0004','识别方法','000024000004000001','DRIVERINGLICENSE_IDENTIFY_METHOD','4028a9d4641c122401641c3d72f50003',NULL,'driveringLicense','0','1529424000','1529424000'),
('4028a9d4641c122401641c404f6c0005','关键信息模板','000024000004000002','DRIVERINGLICENSE_KEYINFO_TEMPLATE','4028a9d4641c122401641c3d72f50003',NULL,'证号#有效期限#准驾车型#住址#姓名#国籍#出生日期#性别#初次领证日期#','0','1529424000','1529424000'),
('4028a9d4641c122401641c40f9b70006','行驶证','000024000005','VEHICLELICENSE','4028a9d16329d7ad016329d922910000',NULL,NULL,'0','1529424000','1529424000'),
('4028a9d4641c122401641c41c23e0007','识别方法','000024000005000001','VEHICLELICENSE_IDENTIFY_METHOD','4028a9d4641c122401641c40f9b70006',NULL,'vehicleLicense','0','1529424000','1529424000'),
('4028a9d4641c122401641c45b62e0008','关键信息模板','000024000005000002','VEHICLELICENSE_KEYINFO_TEMPLATE','4028a9d4641c122401641c40f9b70006',NULL,'品牌型号#发证日期#使用性质#发动机号码#号牌号码#所有人#住址#注册日期#车辆识别代号#车辆类型#','0','1529424000','1529424000'),
('4028a9d4641c122401641c465d780009','车牌','000024000006','PLATELICENSE','4028a9d16329d7ad016329d922910000',NULL,NULL,'0','1529424000','1529424000'),
('4028a9d4641c122401641c475cef000a','识别方法','000024000006000001','PLATELICENSE_IDENTIFY_METHOD','4028a9d4641c122401641c465d780009',NULL,'plateLicense','0','1529424000','1529424000'),
('4028a9d4641c122401641c48c591000b','关键信息模板','000024000006000002','PLATELICENSE_KEYINFO_TEMPLATE','4028a9d4641c122401641c465d780009',NULL,'颜色#车牌号#','0','1529424000','1529424000');

/*Table structure for table `popedom` */

DROP TABLE IF EXISTS `popedom`;

CREATE TABLE `popedom` (
  `id` varchar(36) NOT NULL,
  `name` varchar(255) DEFAULT NULL,
  `levelCode` varchar(36) DEFAULT NULL,
  `code` varchar(255) DEFAULT NULL,
  `parentId` varchar(36) DEFAULT NULL,
  `url` varchar(255) DEFAULT NULL,
  `icon` varchar(255) DEFAULT NULL,
  `functype` varchar(255) DEFAULT NULL,
  `queryId` varchar(255) DEFAULT NULL,
  `py` varchar(255) DEFAULT NULL,
  `pingyin` varchar(255) DEFAULT NULL,
  `remark` varchar(255) DEFAULT NULL,
  `createtime` varchar(255) DEFAULT NULL,
  `updatetime` varchar(255) DEFAULT NULL,
  `deleted` varchar(11) DEFAULT NULL,
  PRIMARY KEY (`id`)
) ENGINE=InnoDB DEFAULT CHARSET=utf8;

/*Data for the table `popedom` */

insert  into `popedom`(`id`,`name`,`levelCode`,`code`,`parentId`,`url`,`icon`,`functype`,`queryId`,`py`,`pingyin`,`remark`,`createtime`,`updatetime`,`deleted`) values 
('4028a19463202b66016320413bb10000','首页','000001','INDEX',NULL,'menuAction_home.do','fa fa-bar-chart','1',NULL,'sy','shouye',NULL,NULL,'1529942400','0'),
('4028a19463202b6601632043f0340001','个人资料','000003','PERSONAL',NULL,'userAction_my.do','fa fa-user-md','1',NULL,'grzx','gerenzhongxin',NULL,NULL,'1529942400','0'),
('4028a19463202b6601632049023e0002','我的资产','000004','MYASSET',NULL,'assetAction_manage.do','fa fa-bitcoin','1',NULL,'wdzc','wodezhichan',NULL,NULL,'1529942400','0'),
('4028a19463202b6601632068abdf0003','鉴权中心','000005','ASSETAUTH',NULL,'assetAction_core.do','fa fa-expeditedssl','1',NULL,'zcjq','zichanjianquan',NULL,NULL,'1530184076','0'),
('4028a19463202b66016320693dcd0004','用户管理','000006','USERMANAGER',NULL,'userAction_home.do','fa fa-user','1',NULL,'yhgl','yonhuguanli',NULL,NULL,'1529942400','0'),
('4028a194632070d701632079caaf0001','权限管理','000007','AUTHMANAGER',NULL,NULL,'fa fa-group','1',NULL,'qxgl','quanxianguanli',NULL,'1525190400','1525190400','0'),
('4028a194632070d70163207a80490002','管理员管理','000007000001','ADMINMANAGER','4028a194632070d701632079caaf0001','userAction_adminHome.do','fa fa-user','1',NULL,'glygl','guanliyuanguanli',NULL,NULL,'1525190400','0'),
('4028a194632070d70163207b5ab20003','角色管理','000007000002','HOME_ROLE','4028a194632070d701632079caaf0001','roleAction_home.do','fa fa-group','1',NULL,'jsgl','juesheguanli',NULL,NULL,'1525190400','0'),
('4028a194632070d70163207c35360004','功能管理','000007000003','FUNCTIONMANAGER','4028a194632070d701632079caaf0001','authAction_home.do','fa fa-bars','1',NULL,'gngl','gongnenguanli',NULL,NULL,'1525190400','0'),
('4028a194632070d70163207cc55a0005','系统管理','000008','SYSTEMANAGER',NULL,NULL,'fa fa-cogs','1',NULL,'xitongguanli','xtgl',NULL,'1525190400','1525190400','0'),
('4028a194632070d70163207d7d440006','数据字典','000008000001','DICTIONARY','4028a194632070d70163207cc55a0005','dictAction_home.do','fa fa-cog','1',NULL,'sjzd','shujuzidian',NULL,NULL,'1525190400','0'),
('4028a194632070d70163207dfab00007','系统日志','000008000002','LOGMANAGER','4028a194632070d70163207cc55a0005','LogAction_home.do','fa fa-list-alt','1',NULL,'xtrz','xitongrzhi',NULL,NULL,'1525190400','0'),
('4028a194632430ce01632547f5a90000','添加','000007000001000001','ADD_ADMIN','4028a194632070d70163207a80490002',NULL,'fa fa-plus','2',NULL,NULL,NULL,NULL,NULL,'1525536000','0'),
('4028a194633524480163352a75e20000','删除','000007000001000002','DEL_ADMIN','4028a194632070d70163207a80490002',NULL,'fa fa-close','2',NULL,NULL,NULL,NULL,NULL,'1525536000','0'),
('4028a194633524480163352cd3bc0001','修改','000007000001000003','UPD_ADMIN','4028a194632070d70163207a80490002',NULL,'fa fa-arrow-up','2',NULL,NULL,NULL,NULL,'1525536000','1525536000','0'),
('4028a194633524480163352dfcd10002','查询','000007000001000004','QUE_ADMIN','4028a194632070d70163207a80490002',NULL,'fa fa-search-plus','2',NULL,NULL,NULL,NULL,'1525536000','1525536000','0'),
('4028a194634491c0016344abc0d70000','添加','000004000001','ADD_ASSET','4028a19463202b6601632049023e0002',NULL,'fa fa-cloud-upload','2',NULL,NULL,NULL,NULL,NULL,'1529942400','0'),
('4028a1946439d33f01643a9ec3fc0000','控制台','000002','CONTROL',NULL,'menuAction_control.do','fa fa-dashboard','1',NULL,'kongzitai','kzt',NULL,NULL,'1529942400','0');

/*Table structure for table `role` */

DROP TABLE IF EXISTS `role`;

CREATE TABLE `role` (
  `id` varchar(36) NOT NULL,
  `name` varchar(500) DEFAULT NULL,
  `code` varchar(255) DEFAULT NULL,
  `remark` varchar(500) DEFAULT NULL,
  `createtime` varchar(50) DEFAULT NULL,
  `updatetime` varchar(50) DEFAULT NULL,
  `sort` varchar(11) DEFAULT NULL,
  `deleted` varchar(11) DEFAULT NULL,
  PRIMARY KEY (`id`)
) ENGINE=InnoDB DEFAULT CHARSET=utf8;

/*Data for the table `role` */

insert  into `role`(`id`,`name`,`code`,`remark`,`createtime`,`updatetime`,`sort`,`deleted`) values 
('402880e95d0da971015d0dc4a05f000f','普通用户','USER',NULL,NULL,NULL,'1','0'),
('402880eb5c4ec2a4015c4ec591390000','普通管理员','ORADMIN',NULL,NULL,NULL,'3','0'),
('4028818a56fd502f015700209b040000','高级管理员','SEADMIN',NULL,NULL,NULL,'4','0'),
('4028a194634415e7016344322f9a0002','组织管理者','ORGADMIN',NULL,NULL,NULL,'2','0'),
('8a8a80f05cc32020015cc32ee7c20007','超级管理员','SUADMIN',NULL,NULL,NULL,'5','0');

/*Table structure for table `rolepopedom` */

DROP TABLE IF EXISTS `rolepopedom`;

CREATE TABLE `rolepopedom` (
  `roleId` varchar(32) NOT NULL,
  `remark` varchar(500) DEFAULT NULL,
  `createtime` varchar(50) DEFAULT NULL,
  `updatetime` varchar(50) DEFAULT NULL,
  `authId` varchar(255) NOT NULL,
  PRIMARY KEY (`roleId`,`authId`),
  KEY `FKpy5bxmlq20064a53n30ieklx` (`authId`),
  CONSTRAINT `FKkq7heh3crngh3glh63jbj8mvv` FOREIGN KEY (`roleId`) REFERENCES `role` (`id`),
  CONSTRAINT `FKpy5bxmlq20064a53n30ieklx` FOREIGN KEY (`authId`) REFERENCES `popedom` (`id`)
) ENGINE=InnoDB DEFAULT CHARSET=utf8;

/*Data for the table `rolepopedom` */

insert  into `rolepopedom`(`roleId`,`remark`,`createtime`,`updatetime`,`authId`) values 
('402880e95d0da971015d0dc4a05f000f',NULL,NULL,NULL,'4028a19463202b66016320413bb10000'),
('402880e95d0da971015d0dc4a05f000f',NULL,NULL,NULL,'4028a19463202b6601632043f0340001'),
('402880e95d0da971015d0dc4a05f000f',NULL,NULL,NULL,'4028a19463202b6601632049023e0002'),
('402880e95d0da971015d0dc4a05f000f',NULL,NULL,NULL,'4028a194634491c0016344abc0d70000'),
('402880eb5c4ec2a4015c4ec591390000',NULL,NULL,NULL,'4028a19463202b66016320413bb10000'),
('402880eb5c4ec2a4015c4ec591390000',NULL,NULL,NULL,'4028a19463202b6601632043f0340001'),
('402880eb5c4ec2a4015c4ec591390000',NULL,NULL,NULL,'4028a19463202b6601632049023e0002'),
('402880eb5c4ec2a4015c4ec591390000',NULL,NULL,NULL,'4028a19463202b66016320693dcd0004'),
('402880eb5c4ec2a4015c4ec591390000',NULL,NULL,NULL,'4028a194634491c0016344abc0d70000'),
('4028818a56fd502f015700209b040000',NULL,NULL,NULL,'4028a19463202b6601632043f0340001'),
('4028818a56fd502f015700209b040000',NULL,NULL,NULL,'4028a19463202b6601632049023e0002'),
('4028818a56fd502f015700209b040000',NULL,NULL,NULL,'4028a19463202b66016320693dcd0004'),
('4028818a56fd502f015700209b040000',NULL,NULL,NULL,'4028a194632070d701632079caaf0001'),
('4028818a56fd502f015700209b040000',NULL,NULL,NULL,'4028a194632070d70163207a80490002'),
('4028818a56fd502f015700209b040000',NULL,NULL,NULL,'4028a194632070d70163207b5ab20003'),
('4028818a56fd502f015700209b040000',NULL,NULL,NULL,'4028a194632070d70163207c35360004'),
('4028818a56fd502f015700209b040000',NULL,NULL,NULL,'4028a194632430ce01632547f5a90000'),
('4028818a56fd502f015700209b040000',NULL,NULL,NULL,'4028a194633524480163352a75e20000'),
('4028818a56fd502f015700209b040000',NULL,NULL,NULL,'4028a194633524480163352cd3bc0001'),
('4028818a56fd502f015700209b040000',NULL,NULL,NULL,'4028a194633524480163352dfcd10002'),
('4028818a56fd502f015700209b040000',NULL,NULL,NULL,'4028a194634491c0016344abc0d70000'),
('4028818a56fd502f015700209b040000',NULL,NULL,NULL,'4028a1946439d33f01643a9ec3fc0000'),
('4028a194634415e7016344322f9a0002',NULL,NULL,NULL,'4028a19463202b66016320413bb10000'),
('4028a194634415e7016344322f9a0002',NULL,NULL,NULL,'4028a19463202b6601632043f0340001'),
('4028a194634415e7016344322f9a0002',NULL,NULL,NULL,'4028a19463202b6601632049023e0002'),
('4028a194634415e7016344322f9a0002',NULL,NULL,NULL,'4028a19463202b6601632068abdf0003'),
('4028a194634415e7016344322f9a0002',NULL,NULL,NULL,'4028a194634491c0016344abc0d70000'),
('8a8a80f05cc32020015cc32ee7c20007',NULL,NULL,NULL,'4028a19463202b66016320693dcd0004'),
('8a8a80f05cc32020015cc32ee7c20007',NULL,NULL,NULL,'4028a194632070d701632079caaf0001'),
('8a8a80f05cc32020015cc32ee7c20007',NULL,NULL,NULL,'4028a194632070d70163207a80490002'),
('8a8a80f05cc32020015cc32ee7c20007',NULL,NULL,NULL,'4028a194632070d70163207b5ab20003'),
('8a8a80f05cc32020015cc32ee7c20007',NULL,NULL,NULL,'4028a194632070d70163207c35360004'),
('8a8a80f05cc32020015cc32ee7c20007',NULL,NULL,NULL,'4028a194632070d70163207cc55a0005'),
('8a8a80f05cc32020015cc32ee7c20007',NULL,NULL,NULL,'4028a194632070d70163207d7d440006'),
('8a8a80f05cc32020015cc32ee7c20007',NULL,NULL,NULL,'4028a194632070d70163207dfab00007'),
('8a8a80f05cc32020015cc32ee7c20007',NULL,NULL,NULL,'4028a194632430ce01632547f5a90000'),
('8a8a80f05cc32020015cc32ee7c20007',NULL,NULL,NULL,'4028a194633524480163352a75e20000'),
('8a8a80f05cc32020015cc32ee7c20007',NULL,NULL,NULL,'4028a194633524480163352cd3bc0001'),
('8a8a80f05cc32020015cc32ee7c20007',NULL,NULL,NULL,'4028a194633524480163352dfcd10002'),
('8a8a80f05cc32020015cc32ee7c20007',NULL,NULL,NULL,'4028a1946439d33f01643a9ec3fc0000');

/*Table structure for table `tag` */

DROP TABLE IF EXISTS `tag`;

CREATE TABLE `tag` (
  `id` varchar(255) NOT NULL,
  `name` varchar(255) DEFAULT NULL,
  `num` int(11) DEFAULT NULL,
  `userId` varchar(255) DEFAULT NULL,
  `createDate` varchar(255) DEFAULT NULL,
  `updateDate` varchar(255) DEFAULT NULL,
  PRIMARY KEY (`id`)
) ENGINE=InnoDB DEFAULT CHARSET=utf8;

/*Data for the table `tag` */

insert  into `tag`(`id`,`name`,`num`,`userId`,`createDate`,`updateDate`) values 
('4028a1946403eeb70164043854c50004','',1,'1','1529078400','1529078400'),
('4028a1946418c524016418c86e4b0000','证件',3,'4028a194631bd88d01631bd9f38e0000','1529424000','1529856000'),
('4028a194642329f80164232dd17e0000','证件',0,'4028a194631bd88d01631c0d39f00001','1529596800','1530028800'),
('4028bc816449fa13016449fe8d110001','证件',1,'4028bc816449fa13016449fd27080000','1530249776','1530249776');

/*Table structure for table `user` */

DROP TABLE IF EXISTS `user`;

CREATE TABLE `user` (
  `id` varchar(36) NOT NULL,
  `name` varchar(50) DEFAULT NULL,
  `nickName` varchar(50) DEFAULT NULL,
  `password` varchar(50) DEFAULT NULL,
  `salt` varchar(50) DEFAULT NULL,
  `orgId` varchar(255) DEFAULT NULL,
  `sexId` varchar(50) DEFAULT NULL,
  `birthday` varchar(50) DEFAULT NULL,
  `email` varchar(50) DEFAULT NULL,
  `mobile` varchar(50) DEFAULT NULL,
  `userPic` varchar(100) DEFAULT NULL,
  `remark` varchar(500) DEFAULT NULL,
  `adminIs` varchar(10) DEFAULT NULL,
  `deleted` varchar(10) DEFAULT NULL,
  `createtime` varchar(50) DEFAULT NULL,
  `updatetime` varchar(50) DEFAULT NULL,
  PRIMARY KEY (`id`)
) ENGINE=InnoDB DEFAULT CHARSET=utf8;

/*Data for the table `user` */

insert  into `user`(`id`,`name`,`nickName`,`password`,`salt`,`orgId`,`sexId`,`birthday`,`email`,`mobile`,`userPic`,`remark`,`adminIs`,`deleted`,`createtime`,`updatetime`) values 
('1','suadmin','超级管理员','48bda6af70d764575579161317918ef2','i1o500430g',NULL,'4028a19463146e330163148e1cca0001','1524635531','2334563@qq.com','15765478967','/upload/admin/avatar.png',NULL,'1','0','1524635531','1524635531'),
('10','suadmin2','超级管理员2','4af726a09da0418e7dfe40d16ee27126','jjj092is8a',NULL,'4028a19463146e330163148e1cca0001','1525190698','3334563@qq.com','15765478967','/upload/admin/avatar.png',NULL,'1','0','1525190698','1525190698'),
('12','seadmin','高级管理员','684a60e1aee7d143f57d67ae5d8facee','87qjzqwr2n',NULL,'4028a19463146e330163148e1cca0001','1524585600','2334563@qq.com','15765478967','/upload/admin/avatar.png',NULL,'1','1',NULL,'1525795200'),
('13','seadmin2','高级管理员2','0c02eeda6c02b4794fbf6dcebb4126ad','buycpjgfio',NULL,'4028a19463146e330163148e1cca0001','1524635531','2334563@qq.com','15765478967','/upload/admin/avatar.png',NULL,'1','0','1524635531','1524635531'),
('2','seadmin3','高级管理员3','efb5b3cf7043942e358a93d768a51604','x05v8m9cpf',NULL,'4028a19463146e330163148ed0410002','1524585600','2334563@qq.com','15765478967','/upload/admin/avatar.png',NULL,'1','0',NULL,'1525708800'),
('3','oradmin','普通管理员','649a5878996c61ca79d6bac325a8f718','21xqcr6oxn',NULL,'4028a19463146e330163148e1cca0001','1524585600','2334563@qq.com','15765478967','/upload/admin/avatar.png',NULL,'1','0',NULL,'1525622400'),
('4','xiaoli','小莉','c336df5bea0d20ad92a08ed73e313bcd','okima43pvy','402881f053cd72330153cd796ac90001','4028a19463146e330163148ed0410002','1525104000','2334563@qq.com','15765478967','/upload/admin/avatar.png',NULL,'0','0',NULL,'1529164800'),
('4028a194631bd88d01631bd9f38e0000','leader','李经理','597cd26586844282ef82dced7df083a8','2elih6rxci','402881f053cd72330153cd796ac90001','4028a19463146e330163148e1cca0001','1524585600','2324@qq.com','13212345432','/upload/admin/avatar.png',NULL,'0','0',NULL,'1529164800'),
('4028a194631bd88d01631c0d39f00001','teacher','王老师','5d5967a352f7d2c84058fce4b9addac9','pg02m5ct33','402881f053cd72330153cd78bacf0000','4028a19463146e330163148e1cca0001','1524585600','1224@qq.com','13212345432','/upload/admin/avatar.png',NULL,'0','0',NULL,'1529683200'),
('4028a194631bd88d01631c0fdcca0002','xiaoqiang','小强','943431a801a48d4f3a9cfb288a494a18','pe2wmbx6py','402881f053cd72330153cd796ac90001','4028a19463146e330163148e1cca0001','1524585600','124@qq.com','15732160702','/upload/admin/avatar.png',NULL,'0','0',NULL,'1529164800'),
('4028a194631bd88d01631c296d830003','xiaohui','小辉','a5896cb2f1ca748a8747c70da6d5764f','4ohk0sy61j','402881f053cd72330153cd796ac90001','4028a19463146e330163148e1cca0001','1277222400','21124@qq.com','13212345432','/upload/admin/avatar.png',NULL,'0','0',NULL,'1529164800'),
('4028a194633ef22801633fe7b25a0004','xiaokai','小凯','0d223ed9e325fa09c13e0c374f3d30e3','j0nca32pdn','402881f053cd72330153cd78bacf0000','4028a19463146e330163148e1cca0001','1287417600','2334563@qq.com','15765478967','/upload/admin/avatar.png',NULL,'0','0',NULL,'1529164800'),
('4028bc81644598bf016446850fe30009','xiaoyu4','新用户','de8627ac24e97c186c14bc7a890f2867','n7ywh8js6k','402881f053cd72330153cd78bacf0000',NULL,NULL,NULL,NULL,'/upload/admin/avatar.png',NULL,'0','0','1530191482',NULL),
('4028bc816449fa13016449fd27080000','xiaokai1','新用户','bae86fab2a3aeeb3dd732a8cca0ba42c','2w88l6sqq7','402881f053cd72330153cd78bacf0000',NULL,NULL,NULL,NULL,'/upload/admin/avatar.png',NULL,'0','0','1530249684',NULL),
('4028bc816449fa1301644a12f6be0003','xiaokai2','新用户','ce267485d3b634708d4faa959a9fc712','73tkf6m406','402881f053cd72330153cd78bacf0000',NULL,NULL,NULL,NULL,'/upload/admin/avatar.png',NULL,'0','0','1530251114',NULL),
('5','oradmin2','普通管理员2','c65c2b2871c10bda25fbf1263cb61fd8','rgcxipz2ks',NULL,'4028a19463146e330163148e1cca0001','1524635531','2334563@qq.com','15765478967','/upload/admin/avatar.png',NULL,'1','0','1524635531','1524635531'),
('7','oradmin3','普通管理员3','4e163e82460c19e0da02e1311c189ad9','241asktxh0',NULL,'4028a19463146e330163148ed0410002','1524585600','2334563@qq.com','15765478967','/upload/admin/avatar.png',NULL,'1','0',NULL,'1525708800'),
('8','oradmin4','普通管理员4','579d200aa275b7da605f862cd9aed188','ifm87zhgry',NULL,'4028a19463146e330163148e1cca0001','1524585600','2334563@qq.com','15765478967','/upload/admin/avatar.png',NULL,'1','0',NULL,'1525708800'),
('9','xiaoxi','小西','e1b46d9971eadd5f6c1198a050e273bd','qacqxf8heq','402881f053cd72330153cd78bacf0000','4028a19463146e330163148e1cca0001','1524585600','2334563@qq.com','15765478967','/upload/admin/avatar.png',NULL,'0','0',NULL,'1529164800');

/*Table structure for table `userrole` */

DROP TABLE IF EXISTS `userrole`;

CREATE TABLE `userrole` (
  `roleId` varchar(255) NOT NULL,
  `userId` varchar(255) NOT NULL,
  PRIMARY KEY (`roleId`,`userId`),
  KEY `FK9e1tcga17su515dcucrlj3vtj` (`userId`),
  CONSTRAINT `FK63vxkaqx2q3q577qvuqhbtqs8` FOREIGN KEY (`roleId`) REFERENCES `role` (`id`),
  CONSTRAINT `FK9e1tcga17su515dcucrlj3vtj` FOREIGN KEY (`userId`) REFERENCES `user` (`id`)
) ENGINE=InnoDB DEFAULT CHARSET=utf8;

/*Data for the table `userrole` */

insert  into `userrole`(`roleId`,`userId`) values 
('8a8a80f05cc32020015cc32ee7c20007','1'),
('8a8a80f05cc32020015cc32ee7c20007','10'),
('4028818a56fd502f015700209b040000','12'),
('4028818a56fd502f015700209b040000','13'),
('4028818a56fd502f015700209b040000','2'),
('402880eb5c4ec2a4015c4ec591390000','3'),
('402880e95d0da971015d0dc4a05f000f','4'),
('4028a194634415e7016344322f9a0002','4028a194631bd88d01631bd9f38e0000'),
('4028a194634415e7016344322f9a0002','4028a194631bd88d01631c0d39f00001'),
('402880e95d0da971015d0dc4a05f000f','4028a194631bd88d01631c0fdcca0002'),
('402880e95d0da971015d0dc4a05f000f','4028a194631bd88d01631c296d830003'),
('402880e95d0da971015d0dc4a05f000f','4028a194633ef22801633fe7b25a0004'),
('402880e95d0da971015d0dc4a05f000f','4028bc81644598bf016446850fe30009'),
('402880e95d0da971015d0dc4a05f000f','4028bc816449fa13016449fd27080000'),
('402880e95d0da971015d0dc4a05f000f','4028bc816449fa1301644a12f6be0003'),
('402880eb5c4ec2a4015c4ec591390000','5'),
('402880eb5c4ec2a4015c4ec591390000','7'),
('402880eb5c4ec2a4015c4ec591390000','8'),
('402880e95d0da971015d0dc4a05f000f','9');

/*!40101 SET SQL_MODE=@OLD_SQL_MODE */;
/*!40014 SET FOREIGN_KEY_CHECKS=@OLD_FOREIGN_KEY_CHECKS */;
/*!40014 SET UNIQUE_CHECKS=@OLD_UNIQUE_CHECKS */;
/*!40111 SET SQL_NOTES=@OLD_SQL_NOTES */;
